accession,taxon_1,taxon_2,taxon_3,taxon_4,taxon_5,taxon_6,taxon_7,taxon_8,name,source,env_material,env_biome,biotic_relationship,specific_host,host_name,geo_loc_name,publication,authors,journal,organism_gb,clone_gb,environment_gb,host_gb,country_gb,publication_gb,authors_gb,journal_gb
AF053089.1,Eukaryota,Excavata,Discoba,Jakobida,Histionina,Histionidae,Reclinomonas,Reclinomonas americana,Reclinomonas americana,isolate,fresh water (ENVO:00002011),freshwater biome (ENVO:00000873),free-living,NA,NA,NA,"The excavate protozoan phyla Metamonada Grasse emend. (Anaeromonadea, Parabasalia, Carpediemonas, Eopharyngia) and Loukozoa emend. (Jakobea, Malawimonas): their evolutionary affinities and new higher taxa","Cavalier-Smith,T.","Int. J. Syst. Evol. Microbiol. 53 (PT 6), 1741-1758 (2003)",Reclinomonas americana,NA,NA,NA,NA,"The excavate protozoan phyla Metamonada Grasse emend. (Anaeromonadea, Parabasalia, Carpediemonas, Eopharyngia) and Loukozoa emend. (Jakobea, Malawimonas): their evolutionary affinities and new higher taxa","Cavalier-Smith,T.","Int. J. Syst. Evol. Microbiol. 53 (PT 6), 1741-1758 (2003)"
AF411288.1,Eukaryota,Excavata,Discoba,Jakobida,Histionina,Jakobidae,Jakoba,Jakoba libera,Jakoba libera,isolate,sediment (ENVO:00002007),marine (ENVO:00000447),free-living,NA,NA,NA,"The excavate protozoan phyla Metamonada Grasse emend. (Anaeromonadea, Parabasalia, Carpediemonas, Eopharyngia) and Loukozoa emend. (Jakobea, Malawimonas): their evolutionary affinities and new higher taxa","Cavalier-Smith,T.","Int. J. Syst. Evol. Microbiol. 53 (PT 6), 1741-1758 (2003)",Jakoba libera,NA,NA,NA,NA,"The excavate protozoan phyla Metamonada Grasse emend. (Anaeromonadea, Parabasalia, Carpediemonas, Eopharyngia) and Loukozoa emend. (Jakobea, Malawimonas): their evolutionary affinities and new higher taxa","Cavalier-Smith,T.","Int. J. Syst. Evol. Microbiol. 53 (PT 6), 1741-1758 (2003)"
AJ862408.1,Eukaryota,Excavata,Discoba,Jakobida,Histionina,Jakobidae,Jakoba,Jakoba libera,uncultured eukaryote,environmental,fresh water (ENVO:00002011),freshwater biome (ENVO:00000873),free-living,NA,NA,Spain,Genetic diversity in planktonic microeukaryotes from freshwater sulfurous lakes with oxic/anoxic interfaces,"Casamayor,E.O., Ferrera,I. and Garrido,E.",Unpublished,uncultured eukaryote,NA,lake depth: 4.75m,NA,"Spain:Girona, Lake Vilar",Genetic diversity in planktonic microeukaryotes from freshwater sulfurous lakes with oxic/anoxic interfaces,"Casamayor,E.O., Ferrera,I. and Garrido,E.",Unpublished
AJ862451.1,Eukaryota,Excavata,Discoba,Jakobida,Andalucina,Stygiellidae,Stygiellidae,Stygiellidae,uncultured eukaryote,environmental,fresh water (ENVO:00002011),freshwater biome (ENVO:00000873),free-living,NA,NA,Spain,Genetic diversity in planktonic microeukaryotes from freshwater sulfurous lakes with oxic/anoxic interfaces,"Casamayor,E.O., Ferrera,I. and Garrido,E.",Unpublished,uncultured eukaryote,NA,lake depth: 0.5m,NA,"Spain:Girona, Lake Ciso",Genetic diversity in planktonic microeukaryotes from freshwater sulfurous lakes with oxic/anoxic interfaces,"Casamayor,E.O., Ferrera,I. and Garrido,E.",Unpublished
AY046649.1,Eukaryota,Excavata,Discoba,Jakobida,Andalucina,Stygiellidae,Velundella,Velundella trypanoides,uncultured eukaryote,environmental,anaerobic sediment (ENVO:00002045),marine (ENVO:00000447),free-living,NA,NA,Gulf of California,Benthic eukaryotic diversity in the Guaymas Basin hydrothermal vent environment,"Edgcomb,V.P., Kysela,D.T., Teske,A., de Vera Gomez,A. and Sogin,M.L.","Proc. Natl. Acad. Sci. U.S.A. 99 (11), 7658-7662 (2002)",uncultured eukaryote,NA,NA,NA,NA,Benthic eukaryotic diversity in the Guaymas Basin hydrothermal vent environment,"Edgcomb,V.P., Kysela,D.T., Teske,A., de Vera Gomez,A. and Sogin,M.L.","Proc. Natl. Acad. Sci. U.S.A. 99 (11), 7658-7662 (2002)"
AY117417.1,Eukaryota,Excavata,Discoba,Jakobida,Histionina,Histionidae,Reclinomonas,Reclinomonas americana,Reclinomonas americana,isolate,eutrophic water (ENVO:00002224),freshwater biome (ENVO:00000873),free-living,NA,NA,USA: Maryland,Evolutionary history of 'early-diverging' eukaryotes: the excavate taxon Carpediemonas is a close relative of Giardia,"Simpson,A.G., Roger,A.J., Silberman,J.D., Leipe,D.D., Edgcomb,V.P., Jermiin,L.S., Patterson,D.J. and Sogin,M.L.","Mol. Biol. Evol. 19 (10), 1782-1791 (2002)",Reclinomonas americana,NA,NA,NA,NA,Evolutionary history of _early-diverging_ eukaryotes: the excavate taxon Carpediemonas is a close relative of Giardia,"Simpson,A.G., Roger,A.J., Silberman,J.D., Leipe,D.D., Edgcomb,V.P., Jermiin,L.S., Patterson,D.J. and Sogin,M.L.","Mol. Biol. Evol. 19 (10), 1782-1791 (2002)"
AY117418.1,Eukaryota,Excavata,Discoba,Jakobida,Histionina,Jakobidae,Jakoba,Jakoba libera,Jakoba libera,isolate,sediment (ENVO:00002007),marine (ENVO:00000447),free-living,NA,NA,NA,Evolutionary history of 'early-diverging' eukaryotes: the excavate taxon Carpediemonas is a close relative of Giardia,"Simpson,A.G., Roger,A.J., Silberman,J.D., Leipe,D.D., Edgcomb,V.P., Jermiin,L.S., Patterson,D.J. and Sogin,M.L.","Mol. Biol. Evol. 19 (10), 1782-1791 (2002)",Jakoba libera,NA,NA,NA,NA,Evolutionary history of _early-diverging_ eukaryotes: the excavate taxon Carpediemonas is a close relative of Giardia,"Simpson,A.G., Roger,A.J., Silberman,J.D., Leipe,D.D., Edgcomb,V.P., Jermiin,L.S., Patterson,D.J. and Sogin,M.L.","Mol. Biol. Evol. 19 (10), 1782-1791 (2002)"
AY117419.1,Eukaryota,Excavata,Discoba,Jakobida,Andalucina,Stygiellidae,Stygiella,Stygiella incarcerata,Stygiella incarcerata,isolate,anaerobic sediment (ENVO:00002045),marine (ENVO:00000447),free-living,NA,NA,Australia: Quibray Bay,Evolutionary history of 'early-diverging' eukaryotes: the excavate taxon Carpediemonas is a close relative of Giardia,"Simpson,A.G., Roger,A.J., Silberman,J.D., Leipe,D.D., Edgcomb,V.P., Jermiin,L.S., Patterson,D.J. and Sogin,M.L.","Mol. Biol. Evol. 19 (10), 1782-1791 (2002)",Stygiella incarcerata,NA,NA,NA,Australia: Quibray Bay,Evolutionary history of _early-diverging_ eukaryotes: the excavate taxon Carpediemonas is a close relative of Giardia,"Simpson,A.G., Roger,A.J., Silberman,J.D., Leipe,D.D., Edgcomb,V.P., Jermiin,L.S., Patterson,D.J. and Sogin,M.L.","Mol. Biol. Evol. 19 (10), 1782-1791 (2002)"
AY916609.1,Eukaryota,Excavata,Discoba,Jakobida,Andalucina,Stygiellidae,Stygiella,Stygiella incarcerata,Zeuk102,environmental,NA,sulfur spring (ENVO:00000126),free-living,NA,NA,USA: Oklahoma,Diversity of the microeukaryotic community in sulfide-rich Zodletone Spring (Oklahoma),"Luo,Q., Krumholz,L.R., Najar,F.Z., Peacock,A.D., Roe,B.A., White,D.C. and Elshahed,M.S.","Appl. Environ. Microbiol. 71 (10), 6175-6184 (2005)",uncultured eukaryote,Zeuk102,sulfide-rich Zodletone spring,NA,NA,Diversity of the microeukaryotic community in sulfide-rich Zodletone Spring (Oklahoma),"Luo,Q., Krumholz,L.R., Najar,F.Z., Peacock,A.D., Roe,B.A., White,D.C. and Elshahed,M.S.","Appl. Environ. Microbiol. 71 (10), 6175-6184 (2005)"
AY916610.1,Eukaryota,Excavata,Discoba,Jakobida,Andalucina,Stygiellidae,Stygiella,Stygiella incarcerata,Zeuk100,environmental,NA,sulfur spring (ENVO:00000126),free-living,NA,NA,USA: Oklahoma,Diversity of the microeukaryotic community in sulfide-rich Zodletone Spring (Oklahoma),"Luo,Q., Krumholz,L.R., Najar,F.Z., Peacock,A.D., Roe,B.A., White,D.C. and Elshahed,M.S.","Appl. Environ. Microbiol. 71 (10), 6175-6184 (2005)",uncultured eukaryote,Zeuk100,sulfide-rich Zodletone spring,NA,NA,Diversity of the microeukaryotic community in sulfide-rich Zodletone Spring (Oklahoma),"Luo,Q., Krumholz,L.R., Najar,F.Z., Peacock,A.D., Roe,B.A., White,D.C. and Elshahed,M.S.","Appl. Environ. Microbiol. 71 (10), 6175-6184 (2005)"
AY965865.1,Eukaryota,Excavata,Discoba,Jakobida,Andalucina,Andaluciidae,Andalucia,Andalucia godoyi,Andalucia godoyi,isolate,clay soil (ENVO:00002262),terrestrial (ENVO:00000446),free-living,NA,NA,Spain,Molecular comparison of cultivable protozoa from a pristine and a polycyclic aromatic hydrocarbon polluted site,"Lara,E., Berney,C., Ekelund,F., Harms,H. and Chatzinotas,A.","Soil Biol. Biochem. 39 (1), 139-148 (2007)",Andalucia godoyi,NA,soil,NA,Spain: Andujar,Molecular comparison of cultivable protozoa from a pristine and a polycyclic aromatic hydrocarbon polluted site,"Lara,E., Berney,C., Ekelund,F., Harms,H. and Chatzinotas,A.","Soil Biol. Biochem. 39 (1), 139-148 (2007)"
AY965870.1,Eukaryota,Excavata,Discoba,Jakobida,Andalucina,Andaluciidae,Andalucia,Andalucia godoyi,Andalucia godoyi,isolate,contaminated clay soil (ENVO missing),anthropogenic terrestrial (ENVO:01000219),free-living,NA,NA,Spain,Molecular comparison of cultivable protozoa from a pristine and a polycyclic aromatic hydrocarbon polluted site,"Lara,E., Berney,C., Ekelund,F., Harms,H. and Chatzinotas,A.","Soil Biol. Biochem. 39 (1), 139-148 (2007)",Andalucia godoyi,NA,soil,NA,Spain: Andujar,Molecular comparison of cultivable protozoa from a pristine and a polycyclic aromatic hydrocarbon polluted site,"Lara,E., Berney,C., Ekelund,F., Harms,H. and Chatzinotas,A.","Soil Biol. Biochem. 39 (1), 139-148 (2007)"
DQ190541.1,Eukaryota,Excavata,Discoba,Jakobida,Histionina,Moramonadidae,Moramonadidae,Seculamonas ecuadoriensis',Seculamonas ecuadoriensis,isolate,NA,NA,free-living,NA,NA,NA,"Andalucia (n. gen.)--the deepest branch within jakobids (Jakobida; Excavata), based on morphological and molecular study of a new flagellate from soil","Lara,E., Chatzinotas,A. and Simpson,A.G.","J. Eukaryot. Microbiol. 53 (2), 112-120 (2006)",Seculamonas ecuadoriensis,NA,NA,NA,NA,"Andalucia (n. gen.)--the deepest branch within jakobids (Jakobida; Excavata), based on morphological and molecular study of a new flagellate from soil","Lara,E., Chatzinotas,A. and Simpson,A.G.","J. Eukaryot. Microbiol. 53 (2), 112-120 (2006)"
DQ310259.1,Eukaryota,Excavata,Discoba,Jakobida,Andalucina,Stygiellidae,STYG_1,STYG_1,FV23_1A12,environmental,anoxic water (ENVO:01000173),brackish water environment (ENVO:01000322),free-living,NA,NA,Norway: Framvaren,"Microeukaryote community patterns along an O2/H2S gradient in a supersulfidic anoxic fjord (Framvaren, Norway)","Behnke,A., Bunge,J., Barger,K., Breiner,H.W., Alla,V. and Stoeck,T.","Appl. Environ. Microbiol. 72 (5), 3626-3636 (2006)",uncultured marine eukaryote,FV23_1A12,super-sulfidic anoxic fjord water samples,NA,Norway: Framvaren,"Microeukaryote community patterns along an O2/H2S gradient in a supersulfidic anoxic fjord (Framvaren, Norway)","Behnke,A., Bunge,J., Barger,K., Breiner,H.W., Alla,V. and Stoeck,T.","Appl. Environ. Microbiol. 72 (5), 3626-3636 (2006)"
DQ310269.1,Eukaryota,Excavata,Discoba,Jakobida,Andalucina,Stygiellidae,STYG_2,STYG_2,FV23_1D8,environmental,anoxic water (ENVO:01000173),brackish water environment (ENVO:01000322),free-living,NA,NA,Norway: Framvaren Fjord,"Microeukaryote community patterns along an O2/H2S gradient in a supersulfidic anoxic fjord (Framvaren, Norway)","Behnke,A., Bunge,J., Barger,K., Breiner,H.W., Alla,V. and Stoeck,T.","Appl. Environ. Microbiol. 72 (5), 3626-3636 (2006)",uncultured marine eukaryote,FV23_1D8,super-sulfidic anoxic fjord water samples,NA,Norway: Framvaren,"Microeukaryote community patterns along an O2/H2S gradient in a supersulfidic anoxic fjord (Framvaren, Norway)","Behnke,A., Bunge,J., Barger,K., Breiner,H.W., Alla,V. and Stoeck,T.","Appl. Environ. Microbiol. 72 (5), 3626-3636 (2006)"
DQ310279.1,Eukaryota,Excavata,Discoba,Jakobida,Andalucina,Stygiellidae,STYG_1,STYG_1,FV23_CilE10,environmental,anoxic water (ENVO:01000173),brackish water environment (ENVO:01000322),free-living,NA,NA,Norway: Framvaren Fjord,"Microeukaryote community patterns along an O2/H2S gradient in a supersulfidic anoxic fjord (Framvaren, Norway)","Behnke,A., Bunge,J., Barger,K., Breiner,H.W., Alla,V. and Stoeck,T.","Appl. Environ. Microbiol. 72 (5), 3626-3636 (2006)",uncultured marine eukaryote,FV23_CilE10,super-sulfidic anoxic fjord water samples,NA,Norway: Framvaren,"Microeukaryote community patterns along an O2/H2S gradient in a supersulfidic anoxic fjord (Framvaren, Norway)","Behnke,A., Bunge,J., Barger,K., Breiner,H.W., Alla,V. and Stoeck,T.","Appl. Environ. Microbiol. 72 (5), 3626-3636 (2006)"
DQ310295.1,Eukaryota,Excavata,Discoba,Jakobida,Andalucina,Stygiellidae,STYG_2,STYG_2,FV23_CilG6,environmental,anoxic water (ENVO:01000173),brackish water environment (ENVO:01000322),free-living,NA,NA,Norway: Framvaren Fjord,"Microeukaryote community patterns along an O2/H2S gradient in a supersulfidic anoxic fjord (Framvaren, Norway)","Behnke,A., Bunge,J., Barger,K., Breiner,H.W., Alla,V. and Stoeck,T.","Appl. Environ. Microbiol. 72 (5), 3626-3636 (2006)",uncultured marine eukaryote,FV23_CilG6,super-sulfidic anoxic fjord water samples,NA,Norway: Framvaren,"Microeukaryote community patterns along an O2/H2S gradient in a supersulfidic anoxic fjord (Framvaren, Norway)","Behnke,A., Bunge,J., Barger,K., Breiner,H.W., Alla,V. and Stoeck,T.","Appl. Environ. Microbiol. 72 (5), 3626-3636 (2006)"
DQ310296.1,Eukaryota,Excavata,Discoba,Jakobida,Andalucina,Stygiellidae,Stygiella,Stygiella incarcerata,FV23_CilH1,environmental,anoxic water (ENVO:01000173),brackish water environment (ENVO:01000322),free-living,NA,NA,Norway: Framvaren Fjord,"Microeukaryote community patterns along an O2/H2S gradient in a supersulfidic anoxic fjord (Framvaren, Norway)","Behnke,A., Bunge,J., Barger,K., Breiner,H.W., Alla,V. and Stoeck,T.","Appl. Environ. Microbiol. 72 (5), 3626-3636 (2006)",uncultured marine eukaryote,FV23_CilH1,super-sulfidic anoxic fjord water samples,NA,Norway: Framvaren,"Microeukaryote community patterns along an O2/H2S gradient in a supersulfidic anoxic fjord (Framvaren, Norway)","Behnke,A., Bunge,J., Barger,K., Breiner,H.W., Alla,V. and Stoeck,T.","Appl. Environ. Microbiol. 72 (5), 3626-3636 (2006)"
EF526735.1,Eukaryota,Excavata,Discoba,Jakobida,Andalucina,Stygiellidae,STYG_1,STYG_1,NA1_2B2,environmental,anoxic water (ENVO:01000173),brackish water environment (ENVO:01000322),free-living,NA,NA,Norway: Framvaren Fjord,Spatio-temporal variations in protistan communities along an O/HS gradient in the anoxic Framvaren Fjord (Norway),"Behnke,A., Barger,K.J., Bunge,J. and Stoeck,T.","FEMS Microbiol. Ecol. 72 (1), 89-102 (2010)",uncultured marine eukaryote,NA1_2B2,marine environment,NA,NA,Spatio-temporal variations in protistan communities along an O/HS gradient in the anoxic Framvaren Fjord (Norway),"Behnke,A., Barger,K.J., Bunge,J. and Stoeck,T.","FEMS Microbiol. Ecol. 72 (1), 89-102 (2010)"
EF526837.1,Eukaryota,Excavata,Discoba,Jakobida,Andalucina,Stygiellidae,STYG_1,STYG_1,NA1_3F4,environmental,water (ENVO:00002006),brackish water environment (ENVO:01000322),free-living,NA,NA,Norway: Framvaren Fjord,Spatio-temporal variations in protistan communities along an O/HS gradient in the anoxic Framvaren Fjord (Norway),"Behnke,A., Barger,K.J., Bunge,J. and Stoeck,T.","FEMS Microbiol. Ecol. 72 (1), 89-102 (2010)",uncultured marine eukaryote,NA1_3F4,marine environment,NA,NA,Spatio-temporal variations in protistan communities along an O/HS gradient in the anoxic Framvaren Fjord (Norway),"Behnke,A., Barger,K.J., Bunge,J. and Stoeck,T.","FEMS Microbiol. Ecol. 72 (1), 89-102 (2010)"
EF526967.1,Eukaryota,Excavata,Discoba,Jakobida,Andalucina,Stygiellidae,STYG_4,STYG_4,SA1_2A8,environmental,anoxic water (ENVO:01000173),brackish water environment (ENVO:01000322),free-living,NA,NA,Norway: Framvaren Fjord,Spatio-temporal variations in protistan communities along an O/HS gradient in the anoxic Framvaren Fjord (Norway),"Behnke,A., Barger,K.J., Bunge,J. and Stoeck,T.","FEMS Microbiol. Ecol. 72 (1), 89-102 (2010)",uncultured marine eukaryote,SA1_2A8,marine environment,NA,NA,Spatio-temporal variations in protistan communities along an O/HS gradient in the anoxic Framvaren Fjord (Norway),"Behnke,A., Barger,K.J., Bunge,J. and Stoeck,T.","FEMS Microbiol. Ecol. 72 (1), 89-102 (2010)"
EF526978.1,Eukaryota,Excavata,Discoba,Jakobida,Andalucina,Stygiellidae,STYG_4,STYG_4,SA1_1D05,environmental,anoxic water (ENVO:01000173),brackish water environment (ENVO:01000322),free-living,NA,NA,Norway: Framvaren Fjord,Spatio-temporal variations in protistan communities along an O/HS gradient in the anoxic Framvaren Fjord (Norway),"Behnke,A., Barger,K.J., Bunge,J. and Stoeck,T.","FEMS Microbiol. Ecol. 72 (1), 89-102 (2010)",uncultured marine eukaryote,SA1_1D05,marine environment,NA,NA,Spatio-temporal variations in protistan communities along an O/HS gradient in the anoxic Framvaren Fjord (Norway),"Behnke,A., Barger,K.J., Bunge,J. and Stoeck,T.","FEMS Microbiol. Ecol. 72 (1), 89-102 (2010)"
EF527152.1,Eukaryota,Excavata,Discoba,Jakobida,Andalucina,Stygiellidae,STYG_2,STYG_2,SA1_4E8,environmental,anoxic water (ENVO:01000173),brackish water environment (ENVO:01000322),free-living,NA,NA,Norway: Framvaren Fjord,Spatio-temporal variations in protistan communities along an O/HS gradient in the anoxic Framvaren Fjord (Norway),"Behnke,A., Barger,K.J., Bunge,J. and Stoeck,T.","FEMS Microbiol. Ecol. 72 (1), 89-102 (2010)",uncultured marine eukaryote,SA1_4E8,marine environment,NA,NA,Spatio-temporal variations in protistan communities along an O/HS gradient in the anoxic Framvaren Fjord (Norway),"Behnke,A., Barger,K.J., Bunge,J. and Stoeck,T.","FEMS Microbiol. Ecol. 72 (1), 89-102 (2010)"
EF527199.1,Eukaryota,Excavata,Discoba,Jakobida,Andalucina,Stygiellidae,STYG_1,STYG_1,MA1_2H5L,environmental,anaerobic sediment (ENVO:00002045),brackish water environment (ENVO:01000322),free-living,NA,NA,Norway: Framvaren Fjord,Spatio-temporal variations in protistan communities along an O/HS gradient in the anoxic Framvaren Fjord (Norway),"Behnke,A., Barger,K.J., Bunge,J. and Stoeck,T.","FEMS Microbiol. Ecol. 72 (1), 89-102 (2010)",uncultured marine eukaryote,MA1_2H5L,marine environment,NA,NA,Spatio-temporal variations in protistan communities along an O/HS gradient in the anoxic Framvaren Fjord (Norway),"Behnke,A., Barger,K.J., Bunge,J. and Stoeck,T.","FEMS Microbiol. Ecol. 72 (1), 89-102 (2010)"
EU334887.1,Eukaryota,Excavata,Discoba,Jakobida,Andalucina,Stygiellidae,Stygiella,Stygiella incarcerata,Stygiella incarcerata,isolate,sediment (ENVO:00002007),marine (ENVO:00000447),free-living,NA,NA,Canada,"Lateral transfer of the gene for a widely used marker, alpha-tubulin, indicated by a multi-protein study of the phylogenetic position of Andalucia (Excavata)","Simpson,A.G., Perley,T.A. and Lara,E.","Mol. Phylogenet. Evol. 47 (1), 366-377 (2008)",Stygiella incarcerata,NA,NA,NA,Canada,"Lateral transfer of the gene for a widely used marker, alpha-tubulin, indicated by a multi-protein study of the phylogenetic position of Andalucia (Excavata)","Simpson,A.G., Perley,T.A. and Lara,E.","Mol. Phylogenet. Evol. 47 (1), 366-377 (2008)"
EU446352.1,Eukaryota,Excavata,Discoba,Jakobida,Andalucina,Stygiellidae,STYG_3,STYG_3,UI13G09,environmental,anoxic water (ENVO:01000173),marine (ENVO:00000447),free-living,NA,NA,Mediterranean Sea,Microbial eukaryotes in the hypersaline anoxic L'Atalante deep-sea basin,"Alexander,E., Stock,A., Breiner,H.W., Behnke,A., Bunge,J., Yakimov,M.M. and Stoeck,T.","Environ. Microbiol. 11 (2), 360-381 (2009)",uncultured marine eukaryote,UI13G09,"anoxic deep hypersaline L'Atalante Basin, eastern Mediterranean Sea",NA,NA,Microbial eukaryotes in the hypersaline anoxic L'Atalante deep-sea basin,"Alexander,E., Stock,A., Breiner,H.W., Behnke,A., Bunge,J., Yakimov,M.M. and Stoeck,T.","Environ. Microbiol. 11 (2), 360-381 (2009)"
EU446381.1,Eukaryota,Excavata,Discoba,Jakobida,Andalucina,Stygiellidae,STYG_3,STYG_3,cLA12C05,environmental,anoxic water (ENVO:01000173),marine (ENVO:00000447),free-living,NA,NA,Mediterranean Sea,Microbial eukaryotes in the hypersaline anoxic L'Atalante deep-sea basin,"Alexander,E., Stock,A., Breiner,H.W., Behnke,A., Bunge,J., Yakimov,M.M. and Stoeck,T.","Environ. Microbiol. 11 (2), 360-381 (2009)",uncultured marine eukaryote,cLA12C05,"anoxic deep hypersaline L'Atalante Basin, eastern Mediterranean Sea",NA,NA,Microbial eukaryotes in the hypersaline anoxic L'Atalante deep-sea basin,"Alexander,E., Stock,A., Breiner,H.W., Behnke,A., Bunge,J., Yakimov,M.M. and Stoeck,T.","Environ. Microbiol. 11 (2), 360-381 (2009)"
EU446382.1,Eukaryota,Excavata,Discoba,Jakobida,Andalucina,Stygiellidae,STYG_3,STYG_3,cLA12D06,environmental,anoxic water (ENVO:01000173),marine (ENVO:00000447),free-living,NA,NA,Mediterranean Sea,Microbial eukaryotes in the hypersaline anoxic L'Atalante deep-sea basin,"Alexander,E., Stock,A., Breiner,H.W., Behnke,A., Bunge,J., Yakimov,M.M. and Stoeck,T.","Environ. Microbiol. 11 (2), 360-381 (2009)",uncultured marine eukaryote,cLA12D06,"anoxic deep hypersaline L'Atalante Basin, eastern Mediterranean Sea",NA,NA,Microbial eukaryotes in the hypersaline anoxic L'Atalante deep-sea basin,"Alexander,E., Stock,A., Breiner,H.W., Behnke,A., Bunge,J., Yakimov,M.M. and Stoeck,T.","Environ. Microbiol. 11 (2), 360-381 (2009)"
FJ153625.1,Eukaryota,Excavata,Discoba,Jakobida,Andalucina,Stygiellidae,STYG_1,STYG_1,GoC1_A03,environmental,anoxic water (ENVO:01000173),brackish water environment (ENVO:01000322),free-living,NA,NA,Baltic Sea,Protistan diversity in the temporary anoxic Gotland Deep in the central Baltic Sea,"Stock,A., Juergens,K., Bunge,J.A. and Stoeck,T.",Unpublished,uncultured marine eukaryote,GoC1_A03,anoxic Gotland Deep (Baltic Sea) water sample,NA,NA,Protistan diversity in the temporary anoxic Gotland Deep in the central Baltic Sea,"Stock,A., Juergens,K., Bunge,J.A. and Stoeck,T.",Unpublished
FJ153626.1,Eukaryota,Excavata,Discoba,Jakobida,Andalucina,Stygiellidae,STYG_1,STYG_1,GoC1_A11,environmental,anoxic water (ENVO:01000173),brackish water environment (ENVO:01000322),free-living,NA,NA,Baltic Sea,Protistan diversity in the temporary anoxic Gotland Deep in the central Baltic Sea,"Stock,A., Juergens,K., Bunge,J.A. and Stoeck,T.",Unpublished,uncultured marine eukaryote,GoC1_A11,anoxic Gotland Deep (Baltic Sea) water sample,NA,NA,Protistan diversity in the temporary anoxic Gotland Deep in the central Baltic Sea,"Stock,A., Juergens,K., Bunge,J.A. and Stoeck,T.",Unpublished
FJ153627.1,Eukaryota,Excavata,Discoba,Jakobida,Andalucina,Stygiellidae,STYG_4,STYG_4,GoC1_B01,environmental,anoxic water (ENVO:01000173),brackish water environment (ENVO:01000322),free-living,NA,NA,Baltic Sea,Protistan diversity in the temporary anoxic Gotland Deep in the central Baltic Sea,"Stock,A., Juergens,K., Bunge,J.A. and Stoeck,T.",Unpublished,uncultured marine eukaryote,GoC1_B01,anoxic Gotland Deep (Baltic Sea) water sample,NA,NA,Protistan diversity in the temporary anoxic Gotland Deep in the central Baltic Sea,"Stock,A., Juergens,K., Bunge,J.A. and Stoeck,T.",Unpublished
FJ153628.1,Eukaryota,Excavata,Discoba,Jakobida,Andalucina,Stygiellidae,STYG_1,STYG_1,GoC1_B05,environmental,anoxic water (ENVO:01000173),brackish water environment (ENVO:01000322),free-living,NA,NA,Baltic Sea,Protistan diversity in the temporary anoxic Gotland Deep in the central Baltic Sea,"Stock,A., Juergens,K., Bunge,J.A. and Stoeck,T.",Unpublished,uncultured marine eukaryote,GoC1_B05,anoxic Gotland Deep (Baltic Sea) water sample,NA,NA,Protistan diversity in the temporary anoxic Gotland Deep in the central Baltic Sea,"Stock,A., Juergens,K., Bunge,J.A. and Stoeck,T.",Unpublished
FJ153633.1,Eukaryota,Excavata,Discoba,Jakobida,Andalucina,Stygiellidae,STYG_4,STYG_4,GoC1_D06,environmental,anoxic water (ENVO:01000173),brackish water environment (ENVO:01000322),free-living,NA,NA,Baltic Sea,Protistan diversity in the temporary anoxic Gotland Deep in the central Baltic Sea,"Stock,A., Juergens,K., Bunge,J.A. and Stoeck,T.",Unpublished,uncultured marine eukaryote,GoC1_D06,anoxic Gotland Deep (Baltic Sea) water sample,NA,NA,Protistan diversity in the temporary anoxic Gotland Deep in the central Baltic Sea,"Stock,A., Juergens,K., Bunge,J.A. and Stoeck,T.",Unpublished
FJ153634.1,Eukaryota,Excavata,Discoba,Jakobida,Andalucina,Stygiellidae,STYG_4,STYG_4,GoC1_D10,environmental,anoxic water (ENVO:01000173),brackish water environment (ENVO:01000322),free-living,NA,NA,Baltic Sea,Protistan diversity in the temporary anoxic Gotland Deep in the central Baltic Sea,"Stock,A., Juergens,K., Bunge,J.A. and Stoeck,T.",Unpublished,uncultured marine eukaryote,GoC1_D10,anoxic Gotland Deep (Baltic Sea) water sample,NA,NA,Protistan diversity in the temporary anoxic Gotland Deep in the central Baltic Sea,"Stock,A., Juergens,K., Bunge,J.A. and Stoeck,T.",Unpublished
FJ153635.1,Eukaryota,Excavata,Discoba,Jakobida,Andalucina,Stygiellidae,STYG_1,STYG_1,GoC1_E01,environmental,anoxic water (ENVO:01000173),brackish water environment (ENVO:01000322),free-living,NA,NA,Baltic Sea,Protistan diversity in the temporary anoxic Gotland Deep in the central Baltic Sea,"Stock,A., Juergens,K., Bunge,J.A. and Stoeck,T.",Unpublished,uncultured marine eukaryote,GoC1_E01,anoxic Gotland Deep (Baltic Sea) water sample,NA,NA,Protistan diversity in the temporary anoxic Gotland Deep in the central Baltic Sea,"Stock,A., Juergens,K., Bunge,J.A. and Stoeck,T.",Unpublished
FJ153643.1,Eukaryota,Excavata,Discoba,Jakobida,Andalucina,Stygiellidae,STYG_4,STYG_4,GoC1_H08,environmental,anoxic water (ENVO:01000173),brackish water environment (ENVO:01000322),free-living,NA,NA,Baltic Sea,Protistan diversity in the temporary anoxic Gotland Deep in the central Baltic Sea,"Stock,A., Juergens,K., Bunge,J.A. and Stoeck,T.",Unpublished,uncultured marine eukaryote,GoC1_H08,anoxic Gotland Deep (Baltic Sea) water sample,NA,NA,Protistan diversity in the temporary anoxic Gotland Deep in the central Baltic Sea,"Stock,A., Juergens,K., Bunge,J.A. and Stoeck,T.",Unpublished
FJ153648.1,Eukaryota,Excavata,Discoba,Jakobida,Andalucina,Stygiellidae,STYG_1,STYG_1,GoC2_B05,environmental,anoxic water (ENVO:01000173),brackish water environment (ENVO:01000322),free-living,NA,NA,Baltic Sea,Protistan diversity in the temporary anoxic Gotland Deep in the central Baltic Sea,"Stock,A., Juergens,K., Bunge,J.A. and Stoeck,T.",Unpublished,uncultured marine eukaryote,GoC2_B05,anoxic Gotland Deep (Baltic Sea) water sample,NA,NA,Protistan diversity in the temporary anoxic Gotland Deep in the central Baltic Sea,"Stock,A., Juergens,K., Bunge,J.A. and Stoeck,T.",Unpublished
FJ153654.1,Eukaryota,Excavata,Discoba,Jakobida,Andalucina,Stygiellidae,STYG_1,STYG_1,GoC2_D08,environmental,anoxic water (ENVO:01000173),brackish water environment (ENVO:01000322),free-living,NA,NA,Baltic Sea,Protistan diversity in the temporary anoxic Gotland Deep in the central Baltic Sea,"Stock,A., Juergens,K., Bunge,J.A. and Stoeck,T.",Unpublished,uncultured marine eukaryote,GoC2_D08,anoxic Gotland Deep (Baltic Sea) water sample,NA,NA,Protistan diversity in the temporary anoxic Gotland Deep in the central Baltic Sea,"Stock,A., Juergens,K., Bunge,J.A. and Stoeck,T.",Unpublished
FJ153658.1,Eukaryota,Excavata,Discoba,Jakobida,Andalucina,Stygiellidae,STYG_4,STYG_4,GoC2_E12,environmental,anoxic water (ENVO:01000173),brackish water environment (ENVO:01000322),free-living,NA,NA,Baltic Sea,Protistan diversity in the temporary anoxic Gotland Deep in the central Baltic Sea,"Stock,A., Juergens,K., Bunge,J.A. and Stoeck,T.",Unpublished,uncultured marine eukaryote,GoC2_E12,anoxic Gotland Deep (Baltic Sea) water sample,NA,NA,Protistan diversity in the temporary anoxic Gotland Deep in the central Baltic Sea,"Stock,A., Juergens,K., Bunge,J.A. and Stoeck,T.",Unpublished
FJ153659.1,Eukaryota,Excavata,Discoba,Jakobida,Andalucina,Stygiellidae,STYG_4,STYG_4,GoC2_F02,environmental,anoxic water (ENVO:01000173),brackish water environment (ENVO:01000322),free-living,NA,NA,Baltic Sea,Protistan diversity in the temporary anoxic Gotland Deep in the central Baltic Sea,"Stock,A., Juergens,K., Bunge,J.A. and Stoeck,T.",Unpublished,uncultured marine eukaryote,GoC2_F02,anoxic Gotland Deep (Baltic Sea) water sample,NA,NA,Protistan diversity in the temporary anoxic Gotland Deep in the central Baltic Sea,"Stock,A., Juergens,K., Bunge,J.A. and Stoeck,T.",Unpublished
FJ153661.1,Eukaryota,Excavata,Discoba,Jakobida,Andalucina,Stygiellidae,STYG_4,STYG_4,GoC2_F06,environmental,anoxic water (ENVO:01000173),brackish water environment (ENVO:01000322),free-living,NA,NA,Baltic Sea,Protistan diversity in the temporary anoxic Gotland Deep in the central Baltic Sea,"Stock,A., Juergens,K., Bunge,J.A. and Stoeck,T.",Unpublished,uncultured marine eukaryote,GoC2_F06,anoxic Gotland Deep (Baltic Sea) water sample,NA,NA,Protistan diversity in the temporary anoxic Gotland Deep in the central Baltic Sea,"Stock,A., Juergens,K., Bunge,J.A. and Stoeck,T.",Unpublished
FJ153662.1,Eukaryota,Excavata,Discoba,Jakobida,Andalucina,Stygiellidae,STYG_4,STYG_4,GoC2_G02,environmental,anoxic water (ENVO:01000173),brackish water environment (ENVO:01000322),free-living,NA,NA,Baltic Sea,Protistan diversity in the temporary anoxic Gotland Deep in the central Baltic Sea,"Stock,A., Juergens,K., Bunge,J.A. and Stoeck,T.",Unpublished,uncultured marine eukaryote,GoC2_G02,anoxic Gotland Deep (Baltic Sea) water sample,NA,NA,Protistan diversity in the temporary anoxic Gotland Deep in the central Baltic Sea,"Stock,A., Juergens,K., Bunge,J.A. and Stoeck,T.",Unpublished
FJ153663.1,Eukaryota,Excavata,Discoba,Jakobida,Andalucina,Stygiellidae,STYG_4,STYG_4,GoC2_G10,environmental,anoxic water (ENVO:01000173),brackish water environment (ENVO:01000322),free-living,NA,NA,Baltic Sea,Protistan diversity in the temporary anoxic Gotland Deep in the central Baltic Sea,"Stock,A., Juergens,K., Bunge,J.A. and Stoeck,T.",Unpublished,uncultured marine eukaryote,GoC2_G10,anoxic Gotland Deep (Baltic Sea) water sample,NA,NA,Protistan diversity in the temporary anoxic Gotland Deep in the central Baltic Sea,"Stock,A., Juergens,K., Bunge,J.A. and Stoeck,T.",Unpublished
FJ153664.1,Eukaryota,Excavata,Discoba,Jakobida,Andalucina,Stygiellidae,STYG_4,STYG_4,GoC2_G12,environmental,anoxic water (ENVO:01000173),brackish water environment (ENVO:01000322),free-living,NA,NA,Baltic Sea,Protistan diversity in the temporary anoxic Gotland Deep in the central Baltic Sea,"Stock,A., Juergens,K., Bunge,J.A. and Stoeck,T.",Unpublished,uncultured marine eukaryote,GoC2_G12,anoxic Gotland Deep (Baltic Sea) water sample,NA,NA,Protistan diversity in the temporary anoxic Gotland Deep in the central Baltic Sea,"Stock,A., Juergens,K., Bunge,J.A. and Stoeck,T.",Unpublished
FJ153665.1,Eukaryota,Excavata,Discoba,Jakobida,Andalucina,Stygiellidae,STYG_4,STYG_4,GoC2_H03,environmental,anoxic water (ENVO:01000173),brackish water environment (ENVO:01000322),free-living,NA,NA,Baltic Sea,Protistan diversity in the temporary anoxic Gotland Deep in the central Baltic Sea,"Stock,A., Juergens,K., Bunge,J.A. and Stoeck,T.",Unpublished,uncultured marine eukaryote,GoC2_H03,anoxic Gotland Deep (Baltic Sea) water sample,NA,NA,Protistan diversity in the temporary anoxic Gotland Deep in the central Baltic Sea,"Stock,A., Juergens,K., Bunge,J.A. and Stoeck,T.",Unpublished
FJ153669.1,Eukaryota,Excavata,Discoba,Jakobida,Andalucina,Stygiellidae,STYG_1,STYG_1,GoC3_B05,environmental,anoxic water (ENVO:01000173),brackish water environment (ENVO:01000322),free-living,NA,NA,Baltic Sea,Protistan diversity in the temporary anoxic Gotland Deep in the central Baltic Sea,"Stock,A., Juergens,K., Bunge,J.A. and Stoeck,T.",Unpublished,uncultured marine eukaryote,GoC3_B05,anoxic Gotland Deep (Baltic Sea) water sample,NA,NA,Protistan diversity in the temporary anoxic Gotland Deep in the central Baltic Sea,"Stock,A., Juergens,K., Bunge,J.A. and Stoeck,T.",Unpublished
FJ153673.1,Eukaryota,Excavata,Discoba,Jakobida,Andalucina,Stygiellidae,STYG_4,STYG_4,GoC3_C11,environmental,anoxic water (ENVO:01000173),brackish water environment (ENVO:01000322),free-living,NA,NA,Baltic Sea,Protistan diversity in the temporary anoxic Gotland Deep in the central Baltic Sea,"Stock,A., Juergens,K., Bunge,J.A. and Stoeck,T.",Unpublished,uncultured marine eukaryote,GoC3_C11,anoxic Gotland Deep (Baltic Sea) water sample,NA,NA,Protistan diversity in the temporary anoxic Gotland Deep in the central Baltic Sea,"Stock,A., Juergens,K., Bunge,J.A. and Stoeck,T.",Unpublished
FJ153675.1,Eukaryota,Excavata,Discoba,Jakobida,Andalucina,Stygiellidae,STYG_4,STYG_4,GoC3_D05,environmental,anoxic water (ENVO:01000173),brackish water environment (ENVO:01000322),free-living,NA,NA,Baltic Sea,Protistan diversity in the temporary anoxic Gotland Deep in the central Baltic Sea,"Stock,A., Juergens,K., Bunge,J.A. and Stoeck,T.",Unpublished,uncultured marine eukaryote,GoC3_D05,anoxic Gotland Deep (Baltic Sea) water sample,NA,NA,Protistan diversity in the temporary anoxic Gotland Deep in the central Baltic Sea,"Stock,A., Juergens,K., Bunge,J.A. and Stoeck,T.",Unpublished
FJ153676.1,Eukaryota,Excavata,Discoba,Jakobida,Andalucina,Stygiellidae,STYG_1,STYG_1,GoC3_D11,environmental,anoxic water (ENVO:01000173),brackish water environment (ENVO:01000322),free-living,NA,NA,Baltic Sea,Protistan diversity in the temporary anoxic Gotland Deep in the central Baltic Sea,"Stock,A., Juergens,K., Bunge,J.A. and Stoeck,T.",Unpublished,uncultured marine eukaryote,GoC3_D11,anoxic Gotland Deep (Baltic Sea) water sample,NA,NA,Protistan diversity in the temporary anoxic Gotland Deep in the central Baltic Sea,"Stock,A., Juergens,K., Bunge,J.A. and Stoeck,T.",Unpublished
FJ153678.1,Eukaryota,Excavata,Discoba,Jakobida,Andalucina,Stygiellidae,STYG_1,STYG_1,GoC3_E07,environmental,anoxic water (ENVO:01000173),brackish water environment (ENVO:01000322),free-living,NA,NA,Baltic Sea,Protistan diversity in the temporary anoxic Gotland Deep in the central Baltic Sea,"Stock,A., Juergens,K., Bunge,J.A. and Stoeck,T.",Unpublished,uncultured marine eukaryote,GoC3_E07,anoxic Gotland Deep (Baltic Sea) water sample,NA,NA,Protistan diversity in the temporary anoxic Gotland Deep in the central Baltic Sea,"Stock,A., Juergens,K., Bunge,J.A. and Stoeck,T.",Unpublished
FJ153679.1,Eukaryota,Excavata,Discoba,Jakobida,Andalucina,Stygiellidae,STYG_1,STYG_1,GoC3_E08,environmental,anoxic water (ENVO:01000173),brackish water environment (ENVO:01000322),free-living,NA,NA,Baltic Sea,Protistan diversity in the temporary anoxic Gotland Deep in the central Baltic Sea,"Stock,A., Juergens,K., Bunge,J.A. and Stoeck,T.",Unpublished,uncultured marine eukaryote,GoC3_E08,anoxic Gotland Deep (Baltic Sea) water sample,NA,NA,Protistan diversity in the temporary anoxic Gotland Deep in the central Baltic Sea,"Stock,A., Juergens,K., Bunge,J.A. and Stoeck,T.",Unpublished
FJ153681.1,Eukaryota,Excavata,Discoba,Jakobida,Andalucina,Stygiellidae,STYG_1,STYG_1,GoC3_F02,environmental,anoxic water (ENVO:01000173),brackish water environment (ENVO:01000322),free-living,NA,NA,Baltic Sea,Protistan diversity in the temporary anoxic Gotland Deep in the central Baltic Sea,"Stock,A., Juergens,K., Bunge,J.A. and Stoeck,T.",Unpublished,uncultured marine eukaryote,GoC3_F02,anoxic Gotland Deep (Baltic Sea) water sample,NA,NA,Protistan diversity in the temporary anoxic Gotland Deep in the central Baltic Sea,"Stock,A., Juergens,K., Bunge,J.A. and Stoeck,T.",Unpublished
FJ153682.1,Eukaryota,Excavata,Discoba,Jakobida,Andalucina,Stygiellidae,STYG_1,STYG_1,GoC3_F04,environmental,anoxic water (ENVO:01000173),brackish water environment (ENVO:01000322),free-living,NA,NA,Baltic Sea,Protistan diversity in the temporary anoxic Gotland Deep in the central Baltic Sea,"Stock,A., Juergens,K., Bunge,J.A. and Stoeck,T.",Unpublished,uncultured marine eukaryote,GoC3_F04,anoxic Gotland Deep (Baltic Sea) water sample,NA,NA,Protistan diversity in the temporary anoxic Gotland Deep in the central Baltic Sea,"Stock,A., Juergens,K., Bunge,J.A. and Stoeck,T.",Unpublished
FJ153683.1,Eukaryota,Excavata,Discoba,Jakobida,Andalucina,Stygiellidae,STYG_1,STYG_1,GoC3_F07,environmental,anoxic water (ENVO:01000173),brackish water environment (ENVO:01000322),free-living,NA,NA,Baltic Sea,Protistan diversity in the temporary anoxic Gotland Deep in the central Baltic Sea,"Stock,A., Juergens,K., Bunge,J.A. and Stoeck,T.",Unpublished,uncultured marine eukaryote,GoC3_F07,anoxic Gotland Deep (Baltic Sea) water sample,NA,NA,Protistan diversity in the temporary anoxic Gotland Deep in the central Baltic Sea,"Stock,A., Juergens,K., Bunge,J.A. and Stoeck,T.",Unpublished
FJ153684.1,Eukaryota,Excavata,Discoba,Jakobida,Andalucina,Stygiellidae,STYG_1,STYG_1,GoC3_F09,environmental,anoxic water (ENVO:01000173),brackish water environment (ENVO:01000322),free-living,NA,NA,Baltic Sea,Protistan diversity in the temporary anoxic Gotland Deep in the central Baltic Sea,"Stock,A., Juergens,K., Bunge,J.A. and Stoeck,T.",Unpublished,uncultured marine eukaryote,GoC3_F09,anoxic Gotland Deep (Baltic Sea) water sample,NA,NA,Protistan diversity in the temporary anoxic Gotland Deep in the central Baltic Sea,"Stock,A., Juergens,K., Bunge,J.A. and Stoeck,T.",Unpublished
FJ153685.1,Eukaryota,Excavata,Discoba,Jakobida,Andalucina,Stygiellidae,STYG_4,STYG_4,GoC3_G03,environmental,anoxic water (ENVO:01000173),brackish water environment (ENVO:01000322),free-living,NA,NA,Baltic Sea,Protistan diversity in the temporary anoxic Gotland Deep in the central Baltic Sea,"Stock,A., Juergens,K., Bunge,J.A. and Stoeck,T.",Unpublished,uncultured marine eukaryote,GoC3_G03,anoxic Gotland Deep (Baltic Sea) water sample,NA,NA,Protistan diversity in the temporary anoxic Gotland Deep in the central Baltic Sea,"Stock,A., Juergens,K., Bunge,J.A. and Stoeck,T.",Unpublished
FJ153686.1,Eukaryota,Excavata,Discoba,Jakobida,Andalucina,Stygiellidae,STYG_1,STYG_1,GoC3_G05,environmental,anoxic water (ENVO:01000173),brackish water environment (ENVO:01000322),free-living,NA,NA,Baltic Sea,Protistan diversity in the temporary anoxic Gotland Deep in the central Baltic Sea,"Stock,A., Juergens,K., Bunge,J.A. and Stoeck,T.",Unpublished,uncultured marine eukaryote,GoC3_G05,anoxic Gotland Deep (Baltic Sea) water sample,NA,NA,Protistan diversity in the temporary anoxic Gotland Deep in the central Baltic Sea,"Stock,A., Juergens,K., Bunge,J.A. and Stoeck,T.",Unpublished
FJ153688.1,Eukaryota,Excavata,Discoba,Jakobida,Andalucina,Stygiellidae,STYG_4,STYG_4,GoC3_G12,environmental,anoxic water (ENVO:01000173),brackish water environment (ENVO:01000322),free-living,NA,NA,Baltic Sea,Protistan diversity in the temporary anoxic Gotland Deep in the central Baltic Sea,"Stock,A., Juergens,K., Bunge,J.A. and Stoeck,T.",Unpublished,uncultured marine eukaryote,GoC3_G12,anoxic Gotland Deep (Baltic Sea) water sample,NA,NA,Protistan diversity in the temporary anoxic Gotland Deep in the central Baltic Sea,"Stock,A., Juergens,K., Bunge,J.A. and Stoeck,T.",Unpublished
FJ153717.1,Eukaryota,Excavata,Discoba,Jakobida,Andalucina,Stygiellidae,STYG_1,STYG_1,GoC5_D09,environmental,anoxic water (ENVO:01000173),brackish water environment (ENVO:01000322),free-living,NA,NA,Baltic Sea,Protistan diversity in the temporary anoxic Gotland Deep in the central Baltic Sea,"Stock,A., Juergens,K., Bunge,J.A. and Stoeck,T.",Unpublished,uncultured marine eukaryote,GoC5_D09,anoxic Gotland Deep (Baltic Sea) water sample,NA,NA,Protistan diversity in the temporary anoxic Gotland Deep in the central Baltic Sea,"Stock,A., Juergens,K., Bunge,J.A. and Stoeck,T.",Unpublished
FJ153725.1,Eukaryota,Excavata,Discoba,Jakobida,Andalucina,Stygiellidae,STYG_4,STYG_4,GoC5_G02,environmental,anoxic water (ENVO:01000173),brackish water environment (ENVO:01000322),free-living,NA,NA,Baltic Sea,Protistan diversity in the temporary anoxic Gotland Deep in the central Baltic Sea,"Stock,A., Juergens,K., Bunge,J.A. and Stoeck,T.",Unpublished,uncultured marine eukaryote,GoC5_G02,anoxic Gotland Deep (Baltic Sea) water sample,NA,NA,Protistan diversity in the temporary anoxic Gotland Deep in the central Baltic Sea,"Stock,A., Juergens,K., Bunge,J.A. and Stoeck,T.",Unpublished
FJ153727.1,Eukaryota,Excavata,Discoba,Jakobida,Andalucina,Stygiellidae,STYG_4,STYG_4,GoC5_H02,environmental,anoxic water (ENVO:01000173),brackish water environment (ENVO:01000322),free-living,NA,NA,Baltic Sea,Protistan diversity in the temporary anoxic Gotland Deep in the central Baltic Sea,"Stock,A., Juergens,K., Bunge,J.A. and Stoeck,T.",Unpublished,uncultured marine eukaryote,GoC5_H02,anoxic Gotland Deep (Baltic Sea) water sample,NA,NA,Protistan diversity in the temporary anoxic Gotland Deep in the central Baltic Sea,"Stock,A., Juergens,K., Bunge,J.A. and Stoeck,T.",Unpublished
FJ157340.1,Eukaryota,Excavata,Discoba,Jakobida,Histionina,Histionina,Histionina,Histionina,kor_250804_8,environmental,contaminated water (ENVO:00002186),freshwater lake biome (ENVO:01000252),free-living,NA,NA,Greece,"Microscopic eukaryotes living in a dying lake (Lake Koronia, Greece)","Genitsaris,S., Kormas,K.A. and Moustaka-Gouni,M.","FEMS Microbiol. Ecol. 69 (1), 75-83 (2009)",uncultured eukaryote,kor_250804_8,Lake Koronia water column,NA,Greece,"Microscopic eukaryotes living in a dying lake (Lake Koronia, Greece)","Genitsaris,S., Kormas,K.A. and Moustaka-Gouni,M.","FEMS Microbiol. Ecol. 69 (1), 75-83 (2009)"
FJ352774.1,Eukaryota,Excavata,Discoba,Jakobida,Andalucina,Stygiellidae,Stygiella,Stygiella agilis,A4516S_ML_130,environmental,flood water (ENVO missing),freshwater biome (ENVO:00000873),free-living,NA,NA,USA: Louisiana: New Orleans,Changes in microbial community structure in the wake of Hurricanes Katrina and Rita,"Amaral-Zettler,L.A., Rocca,J.D., Lamontagne,M.G., Dennett,M.R. and Gast,R.J.","Environ. Sci. Technol. 42 (24), 9072-9078 (2008)",uncultured eukaryote,A4516S_ML_130,"Elysian Fields, floodwater, less than 3 micron",NA,"USA: New Orleans, LA",Changes in microbial community structure in the wake of Hurricanes Katrina and Rita,"Amaral-Zettler,L.A., Rocca,J.D., Lamontagne,M.G., Dennett,M.R. and Gast,R.J.","Environ. Sci. Technol. 42 (24), 9072-9078 (2008)"
HM749957.1,Eukaryota,Excavata,Discoba,Jakobida,Andalucina,Stygiellidae,STYG_2,STYG_2,BLACKSEA_cl_55,environmental,anoxic water (ENVO:01000173),marine (ENVO:00000447),free-living,NA,NA,Black Sea,Protist diversity in suboxic and sulfidic waters of the Black Sea,"Wylezich,C. and Jurgens,K.","Environ. Microbiol. 13 (11), 2939-2956 (2011)",uncultured marine eukaryote,BLACKSEA_cl_55,Black Sea redoxcline,NA,NA,Protist diversity in suboxic and sulfidic waters of the Black Sea,"Wylezich,C. and Jurgens,K.","Environ. Microbiol. 13 (11), 2939-2956 (2011)"
HQ190236.1,Eukaryota,Excavata,Discoba,Jakobida,Histionina,Jakobidae,Jakoba,Jakoba libera,FR82,environmental,contaminated soil (ENVO:00002116),anthropogenic terrestrial (ENVO:01000219),free-living,NA,NA,China: Henan Province,"Fungal diversity of Zhongyuan oil field, China","Wu,Z., Lu,D. and Liu,Z.",Unpublished,uncultured fungus,FR82,bioremediated soil at Zhongyuan oil field,NA,China: Henan Province,"Fungal diversity of Zhongyuan oil field, China","Wu,Z., Lu,D. and Liu,Z.",Unpublished
HQ866864.1,Eukaryota,Excavata,Discoba,Jakobida,Andalucina,Stygiellidae,Stygiella,Stygiella incarcerata,SGTB386,environmental,anoxic water (ENVO:01000173),marine (ENVO:00000447),free-living,NA,NA,Canada: British Columbia,Effect of oxygen minimum zone formation on communities of marine protists,"Orsi,W., Song,Y.C., Hallam,S. and Edgcomb,V.","ISME J 6 (8), 1586-1601 (2012)",uncultured eukaryote,SGTB386,"Saanich Inlet, anoxic marine water column, 200 m depth",NA,Canada: Vancouver,Effect of oxygen minimum zone formation on communities of marine protists,"Orsi,W., Song,Y.C., Hallam,S. and Edgcomb,V.","ISME J 6 (8), 1586-1601 (2012)"
HQ866882.1,Eukaryota,Excavata,Discoba,Jakobida,Andalucina,Stygiellidae,Stygiella,Stygiella incarcerata,SGTB405,environmental,anoxic water (ENVO:01000173),marine (ENVO:00000447),free-living,NA,NA,Canada: British Columbia,Effect of oxygen minimum zone formation on communities of marine protists,"Orsi,W., Song,Y.C., Hallam,S. and Edgcomb,V.","ISME J 6 (8), 1586-1601 (2012)",uncultured eukaryote,SGTB405,"Saanich Inlet, anoxic marine water column, 200 m depth",NA,Canada: Vancouver,Effect of oxygen minimum zone formation on communities of marine protists,"Orsi,W., Song,Y.C., Hallam,S. and Edgcomb,V.","ISME J 6 (8), 1586-1601 (2012)"
HQ866892.1,Eukaryota,Excavata,Discoba,Jakobida,Andalucina,Stygiellidae,Stygiella,Stygiella incarcerata,SGTB416,environmental,anoxic water (ENVO:01000173),marine (ENVO:00000447),free-living,NA,NA,Canada: British Columbia,Effect of oxygen minimum zone formation on communities of marine protists,"Orsi,W., Song,Y.C., Hallam,S. and Edgcomb,V.","ISME J 6 (8), 1586-1601 (2012)",uncultured eukaryote,SGTB416,"Saanich Inlet, anoxic marine water column, 200 m depth",NA,Canada: Vancouver,Effect of oxygen minimum zone formation on communities of marine protists,"Orsi,W., Song,Y.C., Hallam,S. and Edgcomb,V.","ISME J 6 (8), 1586-1601 (2012)"
HQ866903.1,Eukaryota,Excavata,Discoba,Jakobida,Andalucina,Stygiellidae,Stygiella,Stygiella incarcerata,SGTB427,environmental,anoxic water (ENVO:01000173),marine (ENVO:00000447),free-living,NA,NA,Canada: British Columbia,Effect of oxygen minimum zone formation on communities of marine protists,"Orsi,W., Song,Y.C., Hallam,S. and Edgcomb,V.","ISME J 6 (8), 1586-1601 (2012)",uncultured eukaryote,SGTB427,"Saanich Inlet, anoxic marine water column, 200 m depth",NA,Canada: Vancouver,Effect of oxygen minimum zone formation on communities of marine protists,"Orsi,W., Song,Y.C., Hallam,S. and Edgcomb,V.","ISME J 6 (8), 1586-1601 (2012)"
HQ866907.1,Eukaryota,Excavata,Discoba,Jakobida,Andalucina,Stygiellidae,Stygiella,Stygiella incarcerata,SGTB431,environmental,anoxic water (ENVO:01000173),marine (ENVO:00000447),free-living,NA,NA,Canada: British Columbia,Effect of oxygen minimum zone formation on communities of marine protists,"Orsi,W., Song,Y.C., Hallam,S. and Edgcomb,V.","ISME J 6 (8), 1586-1601 (2012)",uncultured eukaryote,SGTB431,"Saanich Inlet, anoxic marine water column, 200 m depth",NA,Canada: Vancouver,Effect of oxygen minimum zone formation on communities of marine protists,"Orsi,W., Song,Y.C., Hallam,S. and Edgcomb,V.","ISME J 6 (8), 1586-1601 (2012)"
HQ866917.1,Eukaryota,Excavata,Discoba,Jakobida,Andalucina,Stygiellidae,Stygiella,Stygiella incarcerata,SGTB442,environmental,anoxic water (ENVO:01000173),marine (ENVO:00000447),free-living,NA,NA,Canada: British Columbia,Effect of oxygen minimum zone formation on communities of marine protists,"Orsi,W., Song,Y.C., Hallam,S. and Edgcomb,V.","ISME J 6 (8), 1586-1601 (2012)",uncultured eukaryote,SGTB442,"Saanich Inlet, anoxic marine water column, 200 m depth",NA,Canada: Vancouver,Effect of oxygen minimum zone formation on communities of marine protists,"Orsi,W., Song,Y.C., Hallam,S. and Edgcomb,V.","ISME J 6 (8), 1586-1601 (2012)"
HQ866984.1,Eukaryota,Excavata,Discoba,Jakobida,Andalucina,Stygiellidae,Stygiella,Stygiella incarcerata,SGTB516,environmental,anoxic water (ENVO:01000173),marine (ENVO:00000447),free-living,NA,NA,Canada: British Columbia,Effect of oxygen minimum zone formation on communities of marine protists,"Orsi,W., Song,Y.C., Hallam,S. and Edgcomb,V.","ISME J 6 (8), 1586-1601 (2012)",uncultured eukaryote,SGTB516,"Saanich Inlet, anoxic marine water column, 200 m depth",NA,Canada: Vancouver,Effect of oxygen minimum zone formation on communities of marine protists,"Orsi,W., Song,Y.C., Hallam,S. and Edgcomb,V.","ISME J 6 (8), 1586-1601 (2012)"
HQ867011.1,Eukaryota,Excavata,Discoba,Jakobida,Andalucina,Stygiellidae,Stygiella,Stygiella incarcerata,SGTB544,environmental,anoxic water (ENVO:01000173),marine (ENVO:00000447),free-living,NA,NA,Canada: British Columbia,Effect of oxygen minimum zone formation on communities of marine protists,"Orsi,W., Song,Y.C., Hallam,S. and Edgcomb,V.","ISME J 6 (8), 1586-1601 (2012)",uncultured eukaryote,SGTB544,"Saanich Inlet, anoxic marine water column, 200 m depth",NA,Canada: Vancouver,Effect of oxygen minimum zone formation on communities of marine protists,"Orsi,W., Song,Y.C., Hallam,S. and Edgcomb,V.","ISME J 6 (8), 1586-1601 (2012)"
HQ867032.1,Eukaryota,Excavata,Discoba,Jakobida,Andalucina,Stygiellidae,Stygiella,Stygiella incarcerata,SGTB566,environmental,anoxic water (ENVO:01000173),marine (ENVO:00000447),free-living,NA,NA,Canada: British Columbia,Effect of oxygen minimum zone formation on communities of marine protists,"Orsi,W., Song,Y.C., Hallam,S. and Edgcomb,V.","ISME J 6 (8), 1586-1601 (2012)",uncultured eukaryote,SGTB566,"Saanich Inlet, anoxic marine water column, 200 m depth",NA,Canada: Vancouver,Effect of oxygen minimum zone formation on communities of marine protists,"Orsi,W., Song,Y.C., Hallam,S. and Edgcomb,V.","ISME J 6 (8), 1586-1601 (2012)"
HQ867075.1,Eukaryota,Excavata,Discoba,Jakobida,Andalucina,Stygiellidae,Stygiella,Stygiella incarcerata,SGTB617,environmental,anoxic water (ENVO:01000173),marine (ENVO:00000447),free-living,NA,NA,Canada: British Columbia,Effect of oxygen minimum zone formation on communities of marine protists,"Orsi,W., Song,Y.C., Hallam,S. and Edgcomb,V.","ISME J 6 (8), 1586-1601 (2012)",uncultured eukaryote,SGTB617,"Saanich Inlet, anoxic marine water column, 200 m depth",NA,Canada: Vancouver,Effect of oxygen minimum zone formation on communities of marine protists,"Orsi,W., Song,Y.C., Hallam,S. and Edgcomb,V.","ISME J 6 (8), 1586-1601 (2012)"
HQ867111.1,Eukaryota,Excavata,Discoba,Jakobida,Andalucina,Stygiellidae,Stygiella,Stygiella incarcerata,SGTB657,environmental,anoxic water (ENVO:01000173),marine (ENVO:00000447),free-living,NA,NA,Canada: British Columbia,Effect of oxygen minimum zone formation on communities of marine protists,"Orsi,W., Song,Y.C., Hallam,S. and Edgcomb,V.","ISME J 6 (8), 1586-1601 (2012)",uncultured eukaryote,SGTB657,"Saanich Inlet, anoxic marine water column, 200 m depth",NA,Canada: Vancouver,Effect of oxygen minimum zone formation on communities of marine protists,"Orsi,W., Song,Y.C., Hallam,S. and Edgcomb,V.","ISME J 6 (8), 1586-1601 (2012)"
HQ867113.1,Eukaryota,Excavata,Discoba,Jakobida,Andalucina,Stygiellidae,Stygiella,Stygiella incarcerata,SGTB661,environmental,anoxic water (ENVO:01000173),marine (ENVO:00000447),free-living,NA,NA,Canada: British Columbia,Effect of oxygen minimum zone formation on communities of marine protists,"Orsi,W., Song,Y.C., Hallam,S. and Edgcomb,V.","ISME J 6 (8), 1586-1601 (2012)",uncultured eukaryote,SGTB661,"Saanich Inlet, anoxic marine water column, 200 m depth",NA,Canada: Vancouver,Effect of oxygen minimum zone formation on communities of marine protists,"Orsi,W., Song,Y.C., Hallam,S. and Edgcomb,V.","ISME J 6 (8), 1586-1601 (2012)"
HQ867155.1,Eukaryota,Excavata,Discoba,Jakobida,Andalucina,Stygiellidae,Stygiella,Stygiella incarcerata,SGTB710,environmental,anoxic water (ENVO:01000173),marine (ENVO:00000447),free-living,NA,NA,Canada: British Columbia,Effect of oxygen minimum zone formation on communities of marine protists,"Orsi,W., Song,Y.C., Hallam,S. and Edgcomb,V.","ISME J 6 (8), 1586-1601 (2012)",uncultured eukaryote,SGTB710,"Saanich Inlet, anoxic marine water column, 200 m depth",NA,Canada: Vancouver,Effect of oxygen minimum zone formation on communities of marine protists,"Orsi,W., Song,Y.C., Hallam,S. and Edgcomb,V.","ISME J 6 (8), 1586-1601 (2012)"
HQ867156.1,Eukaryota,Excavata,Discoba,Jakobida,Andalucina,Stygiellidae,Stygiella,Stygiella incarcerata,SGTB712,environmental,anoxic water (ENVO:01000173),marine (ENVO:00000447),free-living,NA,NA,Canada: British Columbia,Effect of oxygen minimum zone formation on communities of marine protists,"Orsi,W., Song,Y.C., Hallam,S. and Edgcomb,V.","ISME J 6 (8), 1586-1601 (2012)",uncultured eukaryote,SGTB712,"Saanich Inlet, anoxic marine water column, 200 m depth",NA,Canada: Vancouver,Effect of oxygen minimum zone formation on communities of marine protists,"Orsi,W., Song,Y.C., Hallam,S. and Edgcomb,V.","ISME J 6 (8), 1586-1601 (2012)"
HQ869827.1,Eukaryota,Excavata,Discoba,Jakobida,Andalucina,Stygiellidae,Stygiella,Stygiella incarcerata,SHBI559,environmental,anoxic water (ENVO:01000173),marine (ENVO:00000447),free-living,NA,NA,Canada: British Columbia,Effect of oxygen minimum zone formation on communities of marine protists,"Orsi,W., Song,Y.C., Hallam,S. and Edgcomb,V.","ISME J 6 (8), 1586-1601 (2012)",uncultured eukaryote,SHBI559,"Saanich Inlet, anoxic marine water column, 200 m depth",NA,Canada: Vancouver,Effect of oxygen minimum zone formation on communities of marine protists,"Orsi,W., Song,Y.C., Hallam,S. and Edgcomb,V.","ISME J 6 (8), 1586-1601 (2012)"
HQ870009.1,Eukaryota,Excavata,Discoba,Jakobida,Andalucina,Stygiellidae,Stygiella,Stygiella incarcerata,SHBI767,environmental,anoxic water (ENVO:01000173),marine (ENVO:00000447),free-living,NA,NA,Canada: British Columbia,Effect of oxygen minimum zone formation on communities of marine protists,"Orsi,W., Song,Y.C., Hallam,S. and Edgcomb,V.","ISME J 6 (8), 1586-1601 (2012)",uncultured eukaryote,SHBI767,"Saanich Inlet, anoxic marine water column, 200 m depth",NA,Canada: Vancouver,Effect of oxygen minimum zone formation on communities of marine protists,"Orsi,W., Song,Y.C., Hallam,S. and Edgcomb,V.","ISME J 6 (8), 1586-1601 (2012)"
HQ870103.1,Eukaryota,Excavata,Discoba,Jakobida,Andalucina,Stygiellidae,Stygiella,Stygiella incarcerata,SHBI487,environmental,anoxic water (ENVO:01000173),marine (ENVO:00000447),free-living,NA,NA,Canada: British Columbia,Effect of oxygen minimum zone formation on communities of marine protists,"Orsi,W., Song,Y.C., Hallam,S. and Edgcomb,V.","ISME J 6 (8), 1586-1601 (2012)",uncultured eukaryote,SHBI487,"Saanich Inlet, anoxic marine water column, 200 m depth",NA,Canada: Vancouver,Effect of oxygen minimum zone formation on communities of marine protists,"Orsi,W., Song,Y.C., Hallam,S. and Edgcomb,V.","ISME J 6 (8), 1586-1601 (2012)"
HQ870873.1,Eukaryota,Excavata,Discoba,Jakobida,Andalucina,Stygiellidae,Stygiella,Stygiella incarcerata,SIAF598,environmental,anoxic water (ENVO:01000173),marine (ENVO:00000447),free-living,NA,NA,Canada: British Columbia,Effect of oxygen minimum zone formation on communities of marine protists,"Orsi,W., Song,Y.C., Hallam,S. and Edgcomb,V.","ISME J 6 (8), 1586-1601 (2012)",uncultured eukaryote,SIAF598,"Saanich Inlet, anoxic marine water column, 200 m depth",NA,Canada: Vancouver,Effect of oxygen minimum zone formation on communities of marine protists,"Orsi,W., Song,Y.C., Hallam,S. and Edgcomb,V.","ISME J 6 (8), 1586-1601 (2012)"
HQ870990.1,Eukaryota,Excavata,Discoba,Jakobida,Andalucina,Stygiellidae,Stygiella,Stygiella incarcerata,SIAF717,environmental,anoxic water (ENVO:01000173),marine (ENVO:00000447),free-living,NA,NA,Canada: British Columbia,Effect of oxygen minimum zone formation on communities of marine protists,"Orsi,W., Song,Y.C., Hallam,S. and Edgcomb,V.","ISME J 6 (8), 1586-1601 (2012)",uncultured eukaryote,SIAF717,"Saanich Inlet, anoxic marine water column, 200 m depth",NA,Canada: Vancouver,Effect of oxygen minimum zone formation on communities of marine protists,"Orsi,W., Song,Y.C., Hallam,S. and Edgcomb,V.","ISME J 6 (8), 1586-1601 (2012)"
HQ871029.1,Eukaryota,Excavata,Discoba,Jakobida,Andalucina,Stygiellidae,Stygiella,Stygiella incarcerata,SIAF756,environmental,anoxic water (ENVO:01000173),marine (ENVO:00000447),free-living,NA,NA,Canada: British Columbia,Effect of oxygen minimum zone formation on communities of marine protists,"Orsi,W., Song,Y.C., Hallam,S. and Edgcomb,V.","ISME J 6 (8), 1586-1601 (2012)",uncultured eukaryote,SIAF756,"Saanich Inlet, anoxic marine water column, 200 m depth",NA,Canada: Vancouver,Effect of oxygen minimum zone formation on communities of marine protists,"Orsi,W., Song,Y.C., Hallam,S. and Edgcomb,V.","ISME J 6 (8), 1586-1601 (2012)"
HQ871119.1,Eukaryota,Excavata,Discoba,Jakobida,Andalucina,Stygiellidae,Stygiella,Stygiella incarcerata,SIAF465,environmental,anoxic water (ENVO:01000173),marine (ENVO:00000447),free-living,NA,NA,Canada: British Columbia,Effect of oxygen minimum zone formation on communities of marine protists,"Orsi,W., Song,Y.C., Hallam,S. and Edgcomb,V.","ISME J 6 (8), 1586-1601 (2012)",uncultured eukaryote,SIAF465,"Saanich Inlet, anoxic marine water column, 200 m depth",NA,Canada: Vancouver,Effect of oxygen minimum zone formation on communities of marine protists,"Orsi,W., Song,Y.C., Hallam,S. and Edgcomb,V.","ISME J 6 (8), 1586-1601 (2012)"
JF308256.1,Eukaryota,Excavata,Discoba,Jakobida,Andalucina,Stygiellidae,STYG_2,STYG_2,TIF2D09,environmental,anoxic water (ENVO:01000173),marine (ENVO:00000447),free-living,NA,NA,Mediterranean Sea,Microbial eukaryote life in the new hypersaline deep-sea basin Thetis,"Stock,A., Breiner,H.W., Pachiadaki,M., Edgcomb,V., Filker,S., La Cono,V., Yakimov,M.M. and Stoeck,T.","Extremophiles 16 (1), 21-34 (2012)",uncultured marine eukaryote,TIF2D09,"anoxic deep-sea hypersaline lake Thetis, eastern Mediterranean Sea",NA,NA,Microbial eukaryote life in the new hypersaline deep-sea basin Thetis,"Stock,A., Breiner,H.W., Pachiadaki,M., Edgcomb,V., Filker,S., La Cono,V., Yakimov,M.M. and Stoeck,T.","Extremophiles 16 (1), 21-34 (2012)"
JF774844.1,Eukaryota,Excavata,Discoba,Jakobida,Histionina,Histionidae,Histionidae,Histionidae,CTW-2h,environmental,water (ENVO:00002006),building (ENVO:00000073),free-living,NA,NA,Netherlands,Effect of temperature on the communities of free-living protozoa in four freshwater types in a biofilm batch system,"Valster,R.M., Wullings,B.A. and van der Kooij,D.",Unpublished,uncultured eukaryote,CTW-2h,cooling tower water,NA,Netherlands,Effect of temperature on the communities of free-living protozoa in four freshwater types in a biofilm batch system,"Valster,R.M., Wullings,B.A. and van der Kooij,D.",Unpublished
JX296584.1,Eukaryota,Excavata,Discoba,Jakobida,Andalucina,Andaluciidae,AND_1,AND_1,NKS105,environmental,alkaline water (ENVO:01000357),soda lake (ENVO missing),free-living,NA,NA,Kenya,"Hidden diversity of eukaryotic plankton in the soda lake Nakuru, Kenya, during a phase of low salinity revealed by a SSU rRNA gene clone library","Luo,W., Kotut,K. and Krienitz,L.","Hydrobiologia 702, 95-103 (2013)",uncultured Jakobida,NKS105,soda lake,NA,Kenya: Lake Nakuru,"Hidden diversity of eukaryotic plankton in the soda lake Nakuru, Kenya, during a phase of low salinity revealed by a SSU rRNA gene clone library","Luo,W., Kotut,K. and Krienitz,L.","Hydrobiologia 702, 95-103 (2013)"
JX296585.1,Eukaryota,Excavata,Discoba,Jakobida,Andalucina,Andaluciidae,AND_1,AND_1,NKS97,environmental,alkaline water (ENVO:01000357),soda lake (ENVO missing),free-living,NA,NA,Kenya,"Hidden diversity of eukaryotic plankton in the soda lake Nakuru, Kenya, during a phase of low salinity revealed by a SSU rRNA gene clone library","Luo,W., Kotut,K. and Krienitz,L.","Hydrobiologia 702, 95-103 (2013)",uncultured Jakobida,NKS97,soda lake,NA,Kenya: Lake Nakuru,"Hidden diversity of eukaryotic plankton in the soda lake Nakuru, Kenya, during a phase of low salinity revealed by a SSU rRNA gene clone library","Luo,W., Kotut,K. and Krienitz,L.","Hydrobiologia 702, 95-103 (2013)"
JX296586.1,Eukaryota,Excavata,Discoba,Jakobida,Andalucina,Andaluciidae,AND_1,AND_1,NKS96,environmental,alkaline water (ENVO:01000357),soda lake (ENVO missing),free-living,NA,NA,Kenya,"Hidden diversity of eukaryotic plankton in the soda lake Nakuru, Kenya, during a phase of low salinity revealed by a SSU rRNA gene clone library","Luo,W., Kotut,K. and Krienitz,L.","Hydrobiologia 702, 95-103 (2013)",uncultured Jakobida,NKS96,soda lake,NA,Kenya: Lake Nakuru,"Hidden diversity of eukaryotic plankton in the soda lake Nakuru, Kenya, during a phase of low salinity revealed by a SSU rRNA gene clone library","Luo,W., Kotut,K. and Krienitz,L.","Hydrobiologia 702, 95-103 (2013)"
JX296587.1,Eukaryota,Excavata,Discoba,Jakobida,Andalucina,Andaluciidae,AND_1,AND_1,NKS82,environmental,alkaline water (ENVO:01000357),soda lake (ENVO missing),free-living,NA,NA,Kenya,"Hidden diversity of eukaryotic plankton in the soda lake Nakuru, Kenya, during a phase of low salinity revealed by a SSU rRNA gene clone library","Luo,W., Kotut,K. and Krienitz,L.","Hydrobiologia 702, 95-103 (2013)",uncultured Jakobida,NKS82,soda lake,NA,Kenya: Lake Nakuru,"Hidden diversity of eukaryotic plankton in the soda lake Nakuru, Kenya, during a phase of low salinity revealed by a SSU rRNA gene clone library","Luo,W., Kotut,K. and Krienitz,L.","Hydrobiologia 702, 95-103 (2013)"
JX296588.1,Eukaryota,Excavata,Discoba,Jakobida,Andalucina,Andaluciidae,AND_1,AND_1,NKS177,environmental,alkaline water (ENVO:01000357),soda lake (ENVO missing),free-living,NA,NA,Kenya,"Hidden diversity of eukaryotic plankton in the soda lake Nakuru, Kenya, during a phase of low salinity revealed by a SSU rRNA gene clone library","Luo,W., Kotut,K. and Krienitz,L.","Hydrobiologia 702, 95-103 (2013)",uncultured Jakobida,NKS177,soda lake,NA,Kenya: Lake Nakuru,"Hidden diversity of eukaryotic plankton in the soda lake Nakuru, Kenya, during a phase of low salinity revealed by a SSU rRNA gene clone library","Luo,W., Kotut,K. and Krienitz,L.","Hydrobiologia 702, 95-103 (2013)"
JX296589.1,Eukaryota,Excavata,Discoba,Jakobida,Andalucina,Andaluciidae,AND_1,AND_1,NKS188,environmental,alkaline water (ENVO:01000357),soda lake (ENVO missing),free-living,NA,NA,Kenya,"Hidden diversity of eukaryotic plankton in the soda lake Nakuru, Kenya, during a phase of low salinity revealed by a SSU rRNA gene clone library","Luo,W., Kotut,K. and Krienitz,L.","Hydrobiologia 702, 95-103 (2013)",uncultured Jakobida,NKS188,soda lake,NA,Kenya: Lake Nakuru,"Hidden diversity of eukaryotic plankton in the soda lake Nakuru, Kenya, during a phase of low salinity revealed by a SSU rRNA gene clone library","Luo,W., Kotut,K. and Krienitz,L.","Hydrobiologia 702, 95-103 (2013)"
KJ003952.1,Eukaryota,Excavata,Discoba,Jakobida,Andalucina,Stygiellidae,Stygiella,Stygiella adhaerens,980_ts10water_17507,environmental,water from brine pool/marine interface (ENVO missing),brine pool (ENVO:00000369),free-living,NA,NA,Red Sea,Diversity and distribution of eukaryotic microbes in and around a brine pool adjacent to the Thuwal cold seeps in the Red Sea,"Wang,Y., Zhang,W.P., Cao,H.L., Shek,C.S., Tian,R.M., Wong,Y.H., Batang,Z., Al-Suwailem,A. and Qian,P.Y.","Front Microbiol 5, 37 (2014)",uncultured eukaryote,980_ts10water_17507,cold seep system,NA,NA,Diversity and distribution of eukaryotic microbes in and around a brine pool adjacent to the Thuwal cold seeps in the Red Sea,"Wang,Y., Zhang,W.P., Cao,H.L., Shek,C.S., Tian,R.M., Wong,Y.H., Batang,Z., Al-Suwailem,A. and Qian,P.Y.","Front Microbiol 5, 37 (2014)"
KP144392.1,Eukaryota,Excavata,Discoba,Jakobida,Andalucina,Stygiellidae,Velundella,Velundella nauta,Jakobida sp. TP-2015e,isolate,anaerobic sediment (ENVO:00002045),marine (ENVO:00000447),free-living,NA,NA,Indonesia,"Combined Culture-Based and Culture-Independent Approaches Provide Insights into Diversity of Jakobids, an Extremely Plesiomorphic Eukaryotic Lineage","Panek,T., Taborsky,P., Pachiadaki,M.G., Hroudova,M., Vlcek,C., Edgcomb,V.P. and Cepicka,I.","Front Microbiol 6, 1288 (2015)",Jakobida sp. TP-2015e,NA,anoxic marine sediment,NA,Indonesia,"Combined Culture-Based and Culture-Independent Approaches Provide Insights into Diversity of Jakobids, an Extremely Plesiomorphic Eukaryotic Lineage","Panek,T., Taborsky,P., Pachiadaki,M.G., Hroudova,M., Vlcek,C., Edgcomb,V.P. and Cepicka,I.","Front Microbiol 6, 1288 (2015)"
KP144393.1,Eukaryota,Excavata,Discoba,Jakobida,Andalucina,Stygiellidae,Velundella,Velundella trypanoides,Eukaryota sp. TP-2014 Eukaryota,isolate,anaerobic sediment (ENVO:00002045),marine (ENVO:00000447),free-living,NA,NA,Australia,"Combined Culture-Based and Culture-Independent Approaches Provide Insights into Diversity of Jakobids, an Extremely Plesiomorphic Eukaryotic Lineage","Panek,T., Taborsky,P., Pachiadaki,M.G., Hroudova,M., Vlcek,C., Edgcomb,V.P. and Cepicka,I.","Front Microbiol 6, 1288 (2015)",Velundella trypanoides,NA,anoxic marine sediment,NA,NA,"Combined Culture-Based and Culture-Independent Approaches Provide Insights into Diversity of Jakobids, an Extremely Plesiomorphic Eukaryotic Lineage","Panek,T., Taborsky,P., Pachiadaki,M.G., Hroudova,M., Vlcek,C., Edgcomb,V.P. and Cepicka,I.","Front Microbiol 6, 1288 (2015)"
KP144394.1,Eukaryota,Excavata,Discoba,Jakobida,Andalucina,Stygiellidae,Velundella,Velundella trypanoides,Eukaryota sp. TP-2014 Eukaryota,isolate,anaerobic sediment (ENVO:00002045),marine (ENVO:00000447),free-living,NA,NA,Cyprus,"Combined Culture-Based and Culture-Independent Approaches Provide Insights into Diversity of Jakobids, an Extremely Plesiomorphic Eukaryotic Lineage","Panek,T., Taborsky,P., Pachiadaki,M.G., Hroudova,M., Vlcek,C., Edgcomb,V.P. and Cepicka,I.","Front Microbiol 6, 1288 (2015)",Velundella trypanoides,NA,anoxic marine sediment,NA,Cyprus,"Combined Culture-Based and Culture-Independent Approaches Provide Insights into Diversity of Jakobids, an Extremely Plesiomorphic Eukaryotic Lineage","Panek,T., Taborsky,P., Pachiadaki,M.G., Hroudova,M., Vlcek,C., Edgcomb,V.P. and Cepicka,I.","Front Microbiol 6, 1288 (2015)"
KP144395.1,Eukaryota,Excavata,Discoba,Jakobida,Andalucina,Stygiellidae,Velundella,Velundella trypanoides,Eukaryota sp. TP-2014 Eukaryota,isolate,anaerobic sediment (ENVO:00002045),marine (ENVO:00000447),free-living,NA,NA,Croatia,"Combined Culture-Based and Culture-Independent Approaches Provide Insights into Diversity of Jakobids, an Extremely Plesiomorphic Eukaryotic Lineage","Panek,T., Taborsky,P., Pachiadaki,M.G., Hroudova,M., Vlcek,C., Edgcomb,V.P. and Cepicka,I.","Front Microbiol 6, 1288 (2015)",Velundella trypanoides,NA,anoxic marine sediment,NA,NA,"Combined Culture-Based and Culture-Independent Approaches Provide Insights into Diversity of Jakobids, an Extremely Plesiomorphic Eukaryotic Lineage","Panek,T., Taborsky,P., Pachiadaki,M.G., Hroudova,M., Vlcek,C., Edgcomb,V.P. and Cepicka,I.","Front Microbiol 6, 1288 (2015)"
KP144396.1,Eukaryota,Excavata,Discoba,Jakobida,Andalucina,Stygiellidae,Stygiella,Stygiella agilis,Stygiella agilis,isolate,anaerobic sediment (ENVO:00002045),marine (ENVO:00000447),free-living,NA,NA,India,"Combined Culture-Based and Culture-Independent Approaches Provide Insights into Diversity of Jakobids, an Extremely Plesiomorphic Eukaryotic Lineage","Panek,T., Taborsky,P., Pachiadaki,M.G., Hroudova,M., Vlcek,C., Edgcomb,V.P. and Cepicka,I.","Front Microbiol 6, 1288 (2015)",Stygiella agilis,NA,anoxic marine sediment,NA,India,"Combined Culture-Based and Culture-Independent Approaches Provide Insights into Diversity of Jakobids, an Extremely Plesiomorphic Eukaryotic Lineage","Panek,T., Taborsky,P., Pachiadaki,M.G., Hroudova,M., Vlcek,C., Edgcomb,V.P. and Cepicka,I.","Front Microbiol 6, 1288 (2015)"
KP144397.1,Eukaryota,Excavata,Discoba,Jakobida,Andalucina,Stygiellidae,Stygiella,Stygiella agilis,Stygiella agilis,isolate,anaerobic sediment (ENVO:00002045),marine (ENVO:00000447),free-living,NA,NA,Greece,"Combined Culture-Based and Culture-Independent Approaches Provide Insights into Diversity of Jakobids, an Extremely Plesiomorphic Eukaryotic Lineage","Panek,T., Taborsky,P., Pachiadaki,M.G., Hroudova,M., Vlcek,C., Edgcomb,V.P. and Cepicka,I.","Front Microbiol 6, 1288 (2015)",Stygiella agilis,NA,anoxic marine sediment,NA,Greece,"Combined Culture-Based and Culture-Independent Approaches Provide Insights into Diversity of Jakobids, an Extremely Plesiomorphic Eukaryotic Lineage","Panek,T., Taborsky,P., Pachiadaki,M.G., Hroudova,M., Vlcek,C., Edgcomb,V.P. and Cepicka,I.","Front Microbiol 6, 1288 (2015)"
KP144398.1,Eukaryota,Excavata,Discoba,Jakobida,Andalucina,Stygiellidae,Stygiella,Stygiella agilis,Stygiella agilis,isolate,anaerobic sediment (ENVO:00002045),marine (ENVO:00000447),free-living,NA,NA,Indonesia,"Combined Culture-Based and Culture-Independent Approaches Provide Insights into Diversity of Jakobids, an Extremely Plesiomorphic Eukaryotic Lineage","Panek,T., Taborsky,P., Pachiadaki,M.G., Hroudova,M., Vlcek,C., Edgcomb,V.P. and Cepicka,I.","Front Microbiol 6, 1288 (2015)",Stygiella agilis,NA,anoxic marine sediment,NA,Indonesia,"Combined Culture-Based and Culture-Independent Approaches Provide Insights into Diversity of Jakobids, an Extremely Plesiomorphic Eukaryotic Lineage","Panek,T., Taborsky,P., Pachiadaki,M.G., Hroudova,M., Vlcek,C., Edgcomb,V.P. and Cepicka,I.","Front Microbiol 6, 1288 (2015)"
KP144399.1,Eukaryota,Excavata,Discoba,Jakobida,Andalucina,Stygiellidae,Stygiella,Stygiella adhaerens,Stygiella adhaerens,isolate,anaerobic sediment (ENVO:00002045),marine (ENVO:00000447),free-living,NA,NA,Australia,"Combined Culture-Based and Culture-Independent Approaches Provide Insights into Diversity of Jakobids, an Extremely Plesiomorphic Eukaryotic Lineage","Panek,T., Taborsky,P., Pachiadaki,M.G., Hroudova,M., Vlcek,C., Edgcomb,V.P. and Cepicka,I.","Front Microbiol 6, 1288 (2015)",Stygiella adhaerens,NA,anoxic marine sediment,NA,Australia,"Combined Culture-Based and Culture-Independent Approaches Provide Insights into Diversity of Jakobids, an Extremely Plesiomorphic Eukaryotic Lineage","Panek,T., Taborsky,P., Pachiadaki,M.G., Hroudova,M., Vlcek,C., Edgcomb,V.P. and Cepicka,I.","Front Microbiol 6, 1288 (2015)"
KP144400.1,Eukaryota,Excavata,Discoba,Jakobida,Andalucina,Stygiellidae,Stygiella,Stygiella adhaerens,Stygiella adhaerens,isolate,anaerobic sediment (ENVO:00002045),marine (ENVO:00000447),free-living,NA,NA,Cyprus,"Combined Culture-Based and Culture-Independent Approaches Provide Insights into Diversity of Jakobids, an Extremely Plesiomorphic Eukaryotic Lineage","Panek,T., Taborsky,P., Pachiadaki,M.G., Hroudova,M., Vlcek,C., Edgcomb,V.P. and Cepicka,I.","Front Microbiol 6, 1288 (2015)",Stygiella adhaerens,NA,anoxic marine sediment,NA,Cyprus,"Combined Culture-Based and Culture-Independent Approaches Provide Insights into Diversity of Jakobids, an Extremely Plesiomorphic Eukaryotic Lineage","Panek,T., Taborsky,P., Pachiadaki,M.G., Hroudova,M., Vlcek,C., Edgcomb,V.P. and Cepicka,I.","Front Microbiol 6, 1288 (2015)"
KP144401.1,Eukaryota,Excavata,Discoba,Jakobida,Andalucina,Stygiellidae,Stygiella,Stygiella adhaerens,Stygiella adhaerens,isolate,anaerobic sediment (ENVO:00002045),marine (ENVO:00000447),free-living,NA,NA,Greece,"Combined Culture-Based and Culture-Independent Approaches Provide Insights into Diversity of Jakobids, an Extremely Plesiomorphic Eukaryotic Lineage","Panek,T., Taborsky,P., Pachiadaki,M.G., Hroudova,M., Vlcek,C., Edgcomb,V.P. and Cepicka,I.","Front Microbiol 6, 1288 (2015)",Stygiella adhaerens,NA,anoxic marine sediment,NA,Greece,"Combined Culture-Based and Culture-Independent Approaches Provide Insights into Diversity of Jakobids, an Extremely Plesiomorphic Eukaryotic Lineage","Panek,T., Taborsky,P., Pachiadaki,M.G., Hroudova,M., Vlcek,C., Edgcomb,V.P. and Cepicka,I.","Front Microbiol 6, 1288 (2015)"
KP144402.1,Eukaryota,Excavata,Discoba,Jakobida,Andalucina,Stygiellidae,Stygiella,Stygiella cryptica,Stygiella cryptica,isolate,anaerobic sediment (ENVO:00002045),marine (ENVO:00000447),free-living,NA,NA,Canada,"Combined Culture-Based and Culture-Independent Approaches Provide Insights into Diversity of Jakobids, an Extremely Plesiomorphic Eukaryotic Lineage","Panek,T., Taborsky,P., Pachiadaki,M.G., Hroudova,M., Vlcek,C., Edgcomb,V.P. and Cepicka,I.","Front Microbiol 6, 1288 (2015)",Stygiella cryptica,NA,anoxic marine sediment,NA,Canada,"Combined Culture-Based and Culture-Independent Approaches Provide Insights into Diversity of Jakobids, an Extremely Plesiomorphic Eukaryotic Lineage","Panek,T., Taborsky,P., Pachiadaki,M.G., Hroudova,M., Vlcek,C., Edgcomb,V.P. and Cepicka,I.","Front Microbiol 6, 1288 (2015)"
KP144403.1,Eukaryota,Excavata,Discoba,Jakobida,Andalucina,Stygiellidae,Stygiella,Stygiella incarcerata,Stygiella incarcerata,isolate,anaerobic sediment (ENVO:00002045),marine (ENVO:00000447),free-living,NA,NA,Australia,"Combined Culture-Based and Culture-Independent Approaches Provide Insights into Diversity of Jakobids, an Extremely Plesiomorphic Eukaryotic Lineage","Panek,T., Taborsky,P., Pachiadaki,M.G., Hroudova,M., Vlcek,C., Edgcomb,V.P. and Cepicka,I.","Front Microbiol 6, 1288 (2015)",Stygiella incarcerata,NA,anoxic marine sediment,NA,NA,"Combined Culture-Based and Culture-Independent Approaches Provide Insights into Diversity of Jakobids, an Extremely Plesiomorphic Eukaryotic Lineage","Panek,T., Taborsky,P., Pachiadaki,M.G., Hroudova,M., Vlcek,C., Edgcomb,V.P. and Cepicka,I.","Front Microbiol 6, 1288 (2015)"
KP144404.1,Eukaryota,Excavata,Discoba,Jakobida,Andalucina,Stygiellidae,Stygiella,Stygiella incarcerata,Stygiella incarcerata,isolate,anaerobic sediment (ENVO:00002045),marine (ENVO:00000447),free-living,NA,NA,Greece,"Combined Culture-Based and Culture-Independent Approaches Provide Insights into Diversity of Jakobids, an Extremely Plesiomorphic Eukaryotic Lineage","Panek,T., Taborsky,P., Pachiadaki,M.G., Hroudova,M., Vlcek,C., Edgcomb,V.P. and Cepicka,I.","Front Microbiol 6, 1288 (2015)",Stygiella incarcerata,NA,anoxic marine sediment,NA,Greece,"Combined Culture-Based and Culture-Independent Approaches Provide Insights into Diversity of Jakobids, an Extremely Plesiomorphic Eukaryotic Lineage","Panek,T., Taborsky,P., Pachiadaki,M.G., Hroudova,M., Vlcek,C., Edgcomb,V.P. and Cepicka,I.","Front Microbiol 6, 1288 (2015)"
KP144405.1,Eukaryota,Excavata,Discoba,Jakobida,Andalucina,Stygiellidae,Stygiella,Stygiella incarcerata,Stygiella incarcerata,isolate,anaerobic sediment (ENVO:00002045),marine (ENVO:00000447),free-living,NA,NA,Greece,"Combined Culture-Based and Culture-Independent Approaches Provide Insights into Diversity of Jakobids, an Extremely Plesiomorphic Eukaryotic Lineage","Panek,T., Taborsky,P., Pachiadaki,M.G., Hroudova,M., Vlcek,C., Edgcomb,V.P. and Cepicka,I.","Front Microbiol 6, 1288 (2015)",Stygiella incarcerata,NA,anoxic marine sediment,NA,Greece,"Combined Culture-Based and Culture-Independent Approaches Provide Insights into Diversity of Jakobids, an Extremely Plesiomorphic Eukaryotic Lineage","Panek,T., Taborsky,P., Pachiadaki,M.G., Hroudova,M., Vlcek,C., Edgcomb,V.P. and Cepicka,I.","Front Microbiol 6, 1288 (2015)"
KP144407.1,Eukaryota,Excavata,Discoba,Jakobida,Andalucina,Stygiellidae,Stygiella,Stygiella incarcerata,Stygiella incarcerata,isolate,anaerobic sediment (ENVO:00002045),marine (ENVO:00000447),free-living,NA,NA,Greece,"Combined Culture-Based and Culture-Independent Approaches Provide Insights into Diversity of Jakobids, an Extremely Plesiomorphic Eukaryotic Lineage","Panek,T., Taborsky,P., Pachiadaki,M.G., Hroudova,M., Vlcek,C., Edgcomb,V.P. and Cepicka,I.","Front Microbiol 6, 1288 (2015)",Stygiella incarcerata,NA,anoxic marine sediment,NA,Greece,"Combined Culture-Based and Culture-Independent Approaches Provide Insights into Diversity of Jakobids, an Extremely Plesiomorphic Eukaryotic Lineage","Panek,T., Taborsky,P., Pachiadaki,M.G., Hroudova,M., Vlcek,C., Edgcomb,V.P. and Cepicka,I.","Front Microbiol 6, 1288 (2015)"
KP144408.1,Eukaryota,Excavata,Discoba,Jakobida,Andalucina,Stygiellidae,Stygiella,Stygiella incarcerata,Stygiella incarcerata,isolate,anaerobic sediment (ENVO:00002045),marine (ENVO:00000447),free-living,NA,NA,Norway: Norwegian Sea,"Combined Culture-Based and Culture-Independent Approaches Provide Insights into Diversity of Jakobids, an Extremely Plesiomorphic Eukaryotic Lineage","Panek,T., Taborsky,P., Pachiadaki,M.G., Hroudova,M., Vlcek,C., Edgcomb,V.P. and Cepicka,I.","Front Microbiol 6, 1288 (2015)",Stygiella incarcerata,NA,anoxic marine sediment,NA,Norway,"Combined Culture-Based and Culture-Independent Approaches Provide Insights into Diversity of Jakobids, an Extremely Plesiomorphic Eukaryotic Lineage","Panek,T., Taborsky,P., Pachiadaki,M.G., Hroudova,M., Vlcek,C., Edgcomb,V.P. and Cepicka,I.","Front Microbiol 6, 1288 (2015)"
KP144409.1,Eukaryota,Excavata,Discoba,Jakobida,Andalucina,Stygiellidae,Stygiella,Stygiella incarcerata,Stygiella incarcerata,isolate,anaerobic sediment (ENVO:00002045),marine (ENVO:00000447),free-living,NA,NA,Italy,"Combined Culture-Based and Culture-Independent Approaches Provide Insights into Diversity of Jakobids, an Extremely Plesiomorphic Eukaryotic Lineage","Panek,T., Taborsky,P., Pachiadaki,M.G., Hroudova,M., Vlcek,C., Edgcomb,V.P. and Cepicka,I.","Front Microbiol 6, 1288 (2015)",Stygiella incarcerata,NA,anoxic marine sediment,NA,Italy,"Combined Culture-Based and Culture-Independent Approaches Provide Insights into Diversity of Jakobids, an Extremely Plesiomorphic Eukaryotic Lineage","Panek,T., Taborsky,P., Pachiadaki,M.G., Hroudova,M., Vlcek,C., Edgcomb,V.P. and Cepicka,I.","Front Microbiol 6, 1288 (2015)"
KT346274.1,Eukaryota,Excavata,Discoba,Jakobida,Andalucina,Stygiellidae,Stygiellidae,Stygiellidae,HR_NC69_25,environmental,sediment (ENVO:00002007),marine cold seep (ENVO:01000127),free-living,NA,NA,USA: Offshore Oregon,Microbial eukaryotic distributions and diversity patterns in a deep-sea methane seep ecosystem,"Pasulka,A.L., Levin,L.A., Steele,J.A., Case,D.H., Landry,M.R. and Orphan,V.J.",Environ. Microbiol. (2015) In press,uncultured eukaryote,HR_NC69_25,cold seep sediments,NA,"USA: offshore Oregon, Hydrate Ridge",Microbial eukaryotic distributions and diversity patterns in a deep-sea methane seep ecosystem,"Pasulka,A.L., Levin,L.A., Steele,J.A., Case,D.H., Landry,M.R. and Orphan,V.J.",Environ. Microbiol. (2015) In press
KT878762.1,Eukaryota,Excavata,Discoba,Jakobida,Histionina,Moramonadidae,Moramonadidae,Moramonas marocensis,Moramonas marocensis,isolate,soil (ENVO:00001998),desert (ENVO:01000179),free-living,NA,NA,Morocco,"Moramonas marocensis gen. nov., sp. nov.: a jakobid flagellate isolated from desert soil with a bacteria-like, but bloated mitochondrial genome","Strassert,J.F., Tikhonenkov,D.V., Pombert,J.F., Kolisko,M., Tai,V., Mylnikov,A.P. and Keeling,P.J.",Open Biol 6 (2) (2016) In press,Moramonas marocensis,NA,NA,NA,NA,"Moramonas marocensis gen. nov., sp. nov.: a jakobid flagellate isolated from desert soil with a bacteria-like, but bloated mitochondrial genome","Strassert,J.F., Tikhonenkov,D.V., Pombert,J.F., Kolisko,M., Tai,V., Mylnikov,A.P. and Keeling,P.J.",Open Biol 6 (2) (2016) In press